{"cameraMode":{"drawMode":0,"name":"Shaded","section":"Shading Mode"},"sceneLighting":false,"audioPlay":false,"sceneViewState":{"showFog":true,"showMaterialUpdate":false,"showSkybox":false,"showFlares":true,"showImageEffects":true,"showParticleSystems":true},"in2DMode":false,"pivot":{"x":-5.553952693939209,"y":2.0650644302368166,"z":2.0955371856689455},"rotation":{"x":0.22925511002540589,"y":0.005500894505530596,"z":-0.00143379473593086,"w":0.973385751247406},"size":22.0,"orthographic":false}