{"cameraMode":{"drawMode":0,"name":"Shaded","section":"Shading Mode"},"sceneLighting":true,"audioPlay":false,"sceneViewState":{"showFog":true,"showMaterialUpdate":false,"showSkybox":true,"showFlares":true,"showImageEffects":true,"showParticleSystems":true},"in2DMode":false,"pivot":{"x":0.3415984511375427,"y":2.949784755706787,"z":2.201664447784424},"rotation":{"x":-0.13916195929050446,"y":0.8553874492645264,"z":-0.4015418291091919,"w":-0.29640403389930727},"size":0.13042081892490388,"orthographic":false}