{"cameraMode":{"drawMode":0,"name":"Shaded","section":"Shading Mode"},"sceneLighting":false,"audioPlay":false,"sceneViewState":{"showFog":true,"showMaterialUpdate":false,"showSkybox":false,"showFlares":true,"showImageEffects":true,"showParticleSystems":true},"in2DMode":false,"pivot":{"x":124.60543823242188,"y":85.03125,"z":179.48785400390626},"rotation":{"x":-0.3297165334224701,"y":0.4472874402999878,"z":-0.1815074384212494,"w":-0.8115606307983398},"size":480.12451171875,"orthographic":false}