{"cameraMode":{"drawMode":0,"name":"Shaded","section":"Shading Mode"},"sceneLighting":false,"audioPlay":false,"sceneViewState":{"showFog":true,"showMaterialUpdate":false,"showSkybox":false,"showFlares":true,"showImageEffects":true,"showParticleSystems":true},"in2DMode":false,"pivot":{"x":-1.5163326263427735,"y":2.3897056579589845,"z":0.2470567226409912},"rotation":{"x":0.18139025568962098,"y":-0.6649252772331238,"z":0.17119738459587098,"w":0.7040355801582336},"size":22.0,"orthographic":false}